feature_1,feature_2,feature_3,feature_4,feature_5,target
0.6884505961762531,0.43253792568668614,-1.147806223743584,-0.7679706925310598,-0.8883492631189183,0
1.6234734914951034,0.11438231742226856,-0.9075180990827958,0.329746252962284,-0.6057084537764503,0
-0.8514584448583896,-2.6001230927637375,2.4603422562773805,0.7814403155909588,0.28955441161225604,1
0.0004959385813897432,1.0056441291442726,-0.06417354381363449,0.4632430951311192,1.0006411697297923,1
-4.356124546816419,-0.34375556405403673,1.1728203319025352,0.3919104632072502,-0.1347935741744557,0
0.6044359861854877,-0.12106241777561766,0.6300577770149058,1.4200947949271843,0.9257366415742684,1
1.0098252721075158,-2.3696502343422354,2.3005609744354496,3.3693710904704135,0.9147607776972724,2
-0.7895798192028051,3.421429819127165,-4.817661734369292,-0.890977532412566,-3.1400390852639855,0
0.9008201913458166,-0.3092404458980985,1.1015414906838008,0.1316700610835399,1.4549108120119856,1
0.7264500637863034,0.18476728659807984,0.43096189930702183,-1.4654676940239892,1.0110419692595929,2
-2.1070896658119103,-1.6455161425802611,2.8621505881706053,-1.6071641592225108,1.4663527838092425,1
0.8787304037581218,1.0164421902132055,0.0493173154544011,-0.20167453760200044,1.4406221249401803,2
0.6696954377129124,-1.3014032077249293,0.9208360833649218,0.823018488858706,0.06622046055319175,2
0.8168934878969252,1.3735623113576683,-2.007448207973737,0.2081549795558667,-1.0025724933736209,2
-1.3601319555695963,0.20098605821139115,0.25805974928197595,0.8060326274665692,0.14585890889476305,2
2.4262045561452275,0.012473566064546748,-0.26088049531726604,-1.4598720434557793,0.4131123925735519,0
-0.4711008333702532,2.2826547690043553,-2.8783241876871477,0.2374956432124687,-1.6151540381592162,0
0.3609955179751919,1.6607741731816157,-1.0334817158750786,2.7756539223773586,0.5057725257716902,1
-2.44007439633482,-1.3245457850456939,1.1863285290068197,0.46980061104957727,-0.573860005707724,1
0.5552116573672282,-3.2654666195614372,2.6263302339074963,2.1132310756599164,0.24460632003159943,2
0.28810276662013956,0.9620397050290823,-0.5142977612243829,-0.7469177085361582,0.4239000001544622,2
1.0047412192931886,1.2194830299431052,-0.47204862705948614,-0.7155705630265371,0.9849304003133124,1
0.9302535903892796,-0.8746316216350932,1.3421200041090455,-0.2463731787669845,1.1807111373398924,1
-1.263836056925416,-2.314829252147723,2.240149396895288,1.5006264737449224,0.17010600951664756,2
-0.9044045066574862,-1.8875545333106705,0.32262690653353077,-0.8121873427766874,-1.8853294612446372,0
0.31880279885849616,-1.7929438522495822,1.6352146703515977,2.5621766372960972,0.4082231940054595,2
0.08405457271669248,-1.6738639438790623,1.4896564598567672,2.000299232330243,0.2620022514195747,2
-1.6066834733100532,0.27302059195844797,0.328108723577078,-0.223086924355134,0.23797336884406006,2
-0.5425529326374102,0.6373429130012306,-1.2805687623161872,-0.036487686779986706,-1.2322780672928841,1
2.049564161153068,0.9089841936054106,-1.7218307666486963,1.2123041268987733,-0.7230488512388012,2
-0.8354989215728083,-0.6257697099434348,0.3842551863889441,0.47704432189924084,-0.4113271700146409,1
0.7706934211791313,-1.2929273528385963,1.6648790857387588,0.7407560971313529,1.1237241037022152,2
-0.8857231121673054,-0.5369641214847378,-0.10295537517400921,-1.1803341292410159,-1.003553963753189,1
0.33544500592150206,0.5101127750042015,-1.3721382566995353,-0.3917767076755214,-1.2205470380772978,0
2.712944045149498,-1.7249038977588667,2.0742821030602507,0.0014266668447989739,1.8236765807784967,2
-2.6135948498700996,-0.30187549332671726,-0.25088559600613614,0.11095037834156873,-1.4893450464942393,0
0.6870417343926888,-0.7537698492756254,-1.3067115802029354,-0.7637715601743716,-2.3875224742589807,0
-1.039738954542722,-0.9521601140881566,-0.21482158064946166,-1.3512016252274766,-1.6540176573831356,1
-1.5735965155690907,-1.5970905696877482,2.163576759043413,-0.857201188640848,0.7343263194812161,0
-1.9893285100137783,2.8310889169205944,-1.9951929888183941,1.069400147991495,-0.2891541547140831,1
-0.7760605114754956,-3.175985063963609,2.6355579551913726,-1.506438880914442,-0.07832112550006165,0
3.631089473749944,-1.036707692561877,2.3326648269354058,-0.9621572350142972,3.2048476646208885,2
-1.288862535126662,0.8140387127018132,3.3381793106588034,-1.2440359613109053,5.032387533753388,2
-0.7431458486212978,-0.8959886525171754,0.5987681341353576,-0.6816471225571535,-0.38557234417115277,0
3.30603867746658,-0.9175053199665958,-0.6388179010308233,-1.66574718571563,-0.8326031260169299,0
1.398320932302925,-0.506287698075011,1.3185411971059025,0.7899254680631584,1.6974397406865784,2
-1.9635653075286013,-1.2193500427934647,1.7061077075204742,0.7822371490624342,0.4010724161195719,2
-0.5157396434354787,-0.29598425777945214,0.23850039642059082,-0.8958501815681857,-0.15922810389121522,1
0.22015471140642479,1.155064040773687,-0.6675649602366788,0.1225591486178671,0.4049968693271415,2
-2.973072094305522,2.0500589157428446,-2.2825113445624576,2.3526996010784473,-1.8295126196099534,1
-0.3057808469493726,0.8251779931714183,-1.101174324551545,-0.6558840366467616,-0.712232282486669,2
0.6795217923992612,-2.5423254530051644,2.0270096829682456,-1.6838202697131877,0.23086532566199047,0
-3.6770184304523394,2.097619336549425,-0.002505987954537159,0.8880842992058321,1.111374121210138,0
-0.2759718836353122,1.5897177404325706,-0.48051498409182336,1.3177937531738086,0.9790764603332464,2
-0.8388240586417254,0.9981809049730617,-1.7151958180705482,0.7045894293522365,-1.5266568837067598,0
-2.089799244427309,2.2287155208424494,-0.39988339265303796,-0.6134343126231999,1.2024380761167524,2
0.998936018939193,-0.6830338675182165,1.6515378458869816,-2.3287491529546074,1.8240351714933962,1
0.538866548758458,-0.17996858732479204,-0.6939091963029885,1.1611341154165387,-0.9690890447193738,0
-2.5602603518980462,0.8986307908675921,-1.066479132843948,2.765916181616334,-1.280075084193662,1
-0.7303613817725246,0.7047658111870015,0.9132020795746805,-1.4278980841935467,1.7745720043226796,2
0.5487180314012599,0.4243163384749153,0.46440568339421834,-0.5472007920175408,1.2633088126334915,2
-0.39707515054729026,1.1760980623901665,-3.1475982474635797,0.26880492938637757,-3.155229082432498,0
-2.988038769220797,2.4276079337543717,-2.4145454401943427,2.5328557194263817,-1.6061094386664108,1
-0.8625228438475008,1.7212022581392263,-0.5345577249171733,0.7543801965397254,0.8608547534327677,1
-0.33250236871307426,3.3540598441704543,-4.209391917877325,-1.2157627106095696,-2.2391711496438265,0
-1.394472069318677,-0.6164394580903397,1.268307026352023,-1.1726312262397678,0.6250855568108065,2
-0.6945734084238527,0.604013876627813,-2.5343047521550712,0.12838472654675404,-3.0289745921884004,2
0.7188595237361654,-0.14649810851927664,0.4457317811600121,-0.08956264766956412,0.6763583203870758,2
0.6746953153180767,0.19901605850430582,0.19397086096914185,-0.9920441820938868,0.6881142226785579,1
1.3003604978730192,1.3437984422709452,-1.8171118361158736,-0.4875932948005467,-0.6254691338934837,0
-0.6246379210297122,-1.341366876999196,0.9789623324225303,0.7811253350975241,-0.3041334535175383,2
0.9952990642916564,0.9645433508597601,-1.3927521742243338,0.9119387420335852,-0.5454952252373027,0
-0.1055005116620078,-1.0291347634321313,1.7761248042794884,0.43166963821685966,1.2843843631350897,1
1.3883991731786003,-2.4609186299072254,2.711681020200923,1.6638662778842837,1.4903017814273225,0
1.5488609043583512,1.0980288976123669,-0.6195236211016653,1.3016941582178707,0.8309101574954391,2
0.4260798674985752,1.3823802302225194,-0.6982128694206435,0.8284309873379212,0.6761001851739563,1
-0.2738013314518164,1.89459251461785,-2.5115108588842463,1.1609420298540685,-1.46744997621357,0
0.9195185085416749,0.6906824353757821,-1.043792411585744,-0.8644679418947216,-0.3951269323762502,2
-2.741421542676605,-0.7983053407609563,1.523725395616018,2.1876279787191177,0.3678617504785071,2
-2.0122783327446423,2.7460946467295395,-2.498908807870302,0.9904203037238388,-1.0769628594850453,1
0.1633769492543331,2.194930520744634,-3.393309641667334,-0.8950946426558574,-2.2189769829008603,0
0.9928198292841321,0.09399854971560939,-0.09649738105392844,0.10770013639996051,0.28185358834622265,0
-1.2932602374190045,-0.45293548897581826,-0.5457866102859641,-1.6977106154254558,-1.6480384752886574,1
-0.2006634586143553,0.9455785298783441,0.797227909409192,-0.8118902476752912,2.0449567485171545,2
-0.6856815060089082,-0.015174816812689174,1.3512555820268333,0.10711366686289547,1.6155831736200725,1
-0.7171496560153795,0.9511530741917383,0.12942263947477106,-1.2468210525698327,0.9743348063779997,2
0.0194835771982369,0.6918876904402775,1.2659980501026586,-0.3037553183080324,2.4827270072716487,2
0.8966368264383379,0.07388589962954428,-0.8163744924481822,-0.7224494323084665,-0.7572440091847739,0
0.8323244192884104,1.8126235689852623,-2.726125777099479,0.9105155128110263,-1.5029516862369108,1
0.8511433048656266,-1.5095522117683116,2.614144869559552,-1.607832743202783,2.203243498595519,0
1.9091224085207057,0.24956321729506148,0.011431666192861067,-0.7645951917474486,0.8817671305926039,2
2.1509630705854237,0.754932941177143,-0.12953952215020814,0.6620566958848951,1.3165546515267508,2
-3.081941628016873,1.4781013297872896,-0.3992883650516192,0.6559355917868673,0.0857632352807941,0
-3.0195748693468745,1.9075255497217123,-1.0974106998685451,0.8365373181479413,-0.3842310228446445,0
-2.2213350090690995,1.3775222545413839,-0.6918269492867146,-0.5730372648262306,-0.15727256032385262,2
0.8476388700603298,-3.7424746299565004,3.015559462252383,0.032169607488115926,0.3449962057638608,0
1.8628783136045688,1.3685108233476573,-0.297001105834086,-0.1413240309922883,1.6569046815482098,1
-0.40878700255646966,-1.2259742947876275,0.8969026038992862,-1.6652783844418386,-0.23340777386642053,1
-1.3177186821066358,1.922291996913723,-2.0087998280658153,-0.23146313209817077,-1.083690373704191,2
-2.2220367033202346,0.7778712201496152,-0.2994943609669245,2.509025172379269,-0.2570119604691784,1
-2.073011664900265,0.24100645240856922,-0.07144852931941215,-0.2874337961324027,-0.4894169524619786,2
-0.555862124075156,-0.30715661061361965,0.9643712197528602,0.5655688220687135,0.8139265135201779,2
-0.3268639017974253,0.2961736229616633,-1.318094405538136,1.1163923440382026,-1.5798918920165022,0
0.2550575142454934,1.0121325480327568,0.27200685022446847,-0.04990127052004312,1.5450753039780554,2
0.7479735676840971,-0.6531195781609852,0.11572790810377429,0.17589148493780998,-0.31180658887769963,0
-1.8512704060679424,-1.742115650000902,0.8691924302183569,-1.4271821451467528,-1.2809225293315714,1
-0.4292296168787787,0.28375832402010526,-1.6422095783611146,3.658305351722346,-2.0585174212161474,2
0.3900777589932549,0.552983892350246,-1.149644885299121,-1.3082999570383862,-0.8565558565626537,0
1.571423373095708,-0.3912289645324193,0.7432423689166887,0.14940071561628476,1.08728042631075,2
-0.021200835342337188,-2.3401067442611994,1.776970975992968,-1.4037073631417671,-0.11138684231608731,1
-0.696493242628503,-1.2461980896076204,1.3593283975628154,-0.9849549612347619,0.289092882480739,1
0.022459005117495878,2.895533265760863,-4.66831013975795,0.42418853000627155,-3.2438816945096014,0
0.6595246017202737,-4.455708905979405,4.0096999599716465,1.8062550442575578,0.8811361265374494,2
-2.569892321862215,0.6272686519557974,0.20870903941096097,0.20112073133244085,0.15664678313466063,1
-1.9532687953896608,0.4224443026709822,0.04729787819216945,-1.5712340801481752,-0.09852210584197396,2
-0.9517274561313075,-0.36006571270239385,0.6401433734775568,0.653921458109374,0.1896474727985979,1
-1.3050171978208724,0.9797757882457031,-0.5313975445539865,0.9382234609176565,-0.07402159586233892,1
-2.103652336367149,2.2929360037840953,-1.9639365696410684,-0.7520365966140002,-0.8708120496829991,2
-0.907777270662156,1.2030253630073169,-1.6547030210648555,0.929034487513241,-1.2434611324726044,0
0.639141146048512,-1.427101508894796,1.0717742781753121,0.4200690238825319,0.12556156764818793,2
0.5646106571185424,-0.6725175830078601,1.3457425033603858,0.4591465963973105,1.2919362812461799,2
0.8269760979480423,1.1984966430190267,-0.3630903583849221,1.1533888529580514,1.0626597550038857,2
-1.458792111053124,-1.5764205016671258,1.5052850359776038,3.405865789678968,-0.09038415954269341,2
-1.6775372356803375,-0.22635052142909795,1.5144860983672803,-0.42214203273187484,1.2970103664104449,0
0.2015158899073084,1.2773361734393238,-1.9908252141537588,0.7009032219976974,-1.2751287241413904,0
-1.7664701675508954,-1.8784822280482674,-0.4359246636184835,-0.42525141034128644,-3.181516820544316,0
0.8890152755629004,-0.4287053425450985,-0.5749104995886731,2.762609667534975,-0.9589352519249534,0
0.9445458163535142,-0.4716498151072285,0.06449393671765355,-1.9090296320844726,-0.13220788594866872,2
0.23923130579203333,0.11038057769436815,-0.8835140468718665,-0.5162816943374627,-1.0152270185878145,0
-1.327456771063171,-0.8252685997335837,1.3027661764947012,0.6302627888386274,0.4746766502369667,2
-1.0929369697759679,1.0721400478345258,-0.96111843556665,2.6912871134901337,-0.48813109235401,1
0.23701850581512962,0.5182146095310741,1.4884364009341289,-0.5172564030497769,2.6666157908032715,1
1.0144570418845953,0.12831403917732465,0.5131511565569804,0.6875290260766488,1.161247006737368,0
0.46846034828001215,-1.1708682611273211,1.9077636992227158,0.5082960680090522,1.4917364688311099,1
-0.3850386959282761,-2.7574706239413573,1.2983189316608343,-1.3026399613627522,-1.3303411482505685,0
-0.4277435761949307,-0.5802535583780344,0.7840105105379879,1.5152015746193195,0.3163306341104605,2
-1.2177430274983383,1.4799385835078156,-2.922993804471992,0.4379154114403091,-2.7770623666505196,0
0.324195347214832,0.3040606775948559,-2.3079742755226738,-0.2581201068242015,-2.7252466861321216,0
0.47130041538062695,0.30672104205419914,-0.06255063072697181,0.7976944801692339,0.396974746369665,1
-0.17714156324321684,-1.1134719228233978,1.1583588224204144,-0.9966345104967048,0.32084041979129385,0
-1.4694235965010125,-1.917280796036113,1.6776365380436513,-0.8732041357651397,-0.24309985485232183,0
0.04329086191152143,-0.6699129738060161,1.3073234209514983,1.5296716936862902,1.08270948486343,2
0.3360645973390993,-0.296408627131715,1.396966263419089,0.12331266769711036,1.6951720843436116,2
-1.211864954718428,-1.1033976632086786,0.5218308867482919,-0.5877523452339057,-0.8616182507861693,0
1.4422831729288896,-1.344206451611259,-0.579088919023363,-1.2255809662887305,-1.7954895699025961,0
-0.7608805618081462,-2.76969111702194,0.7758542167703752,-1.1290654955820978,-2.1749922170078815,0
-0.9747285929428314,-1.341163024134635,1.2425294353443812,-1.5954507954011352,-0.06289706836029563,1
0.9857462099899809,0.44549666194415505,0.1778550317158636,0.9312860773140491,1.0375524389977167,0
0.32749192260156124,1.0287299860131476,0.18182631647280822,-0.8225794279641027,1.4594754599046387,1
0.9356858617737339,-1.2264556537894216,1.4410216111129035,-0.6847052803179715,0.9358104160744627,1
-0.1958237645982689,1.4721925003851455,-0.5734368411869237,-0.5441723057486111,0.7430050780250177,1
1.4275949058199973,-1.2544267173474646,1.419868948939275,0.5934015848140861,1.0361516674147473,2
0.4110670928743816,0.541382508106531,-0.5128857241238641,-0.8174832622878202,0.009737379430384774,2
1.206679115624818,-0.8702879274495677,0.965458062569591,0.446796164900449,0.7601001833143763,2
1.4968302950717947,-1.3672768540053424,1.6496872500326099,-0.6261491939573703,1.2453322008852221,2
-2.3307963732255135,-4.566779511924591,4.386224725994035,-4.770027573487646,0.3110243997273716,1
-0.9387799399124771,1.6877738589926197,0.018342565861982463,-0.8461769723415253,1.5502415409109105,2
-2.036827513972711,-1.0599154428141233,1.4682918729852783,0.7668105799068954,0.2251962439885002,2
0.9966721004146885,1.1564736016540476,0.342263786906406,1.3187520019691652,2.0352712536302207,2
1.51786163932041,-0.7607716743670755,0.28101896833988615,-2.0072864182213004,0.031057890052326398,0
0.7058199931591255,1.388581727780616,-2.819783770253506,-0.4574515626940229,-2.1341219901220083,0
-2.4759411392907857,-0.1172093672148603,1.0710040709929094,-0.23247815872902833,0.5587820989381369,2
-2.953712287188926,-1.5106258895500686,1.1775545835807661,-0.2814601754409219,-0.9511073638349822,0
3.01703311569189,-0.11122419757256419,2.032580578225898,-0.7331423131003237,3.6025460151402884,0
-3.2632110044858513,-0.2502549708362247,0.18984536160875232,0.238349933730152,-1.0346961169277622,2
-0.878960782983197,2.156964011589883,-2.1865325158332416,1.4506492688480759,-0.9287435451972386,0
-0.03766492431310131,1.9861507401178295,-2.378360542131346,-0.49527724287926234,-1.1188675427242294,0
1.6217225951775602,0.48503182060143,-0.5564392218205196,0.5182523903643347,0.274738918801157,2
-0.21871990241803108,0.5568759252633877,0.4177053502029652,0.3759244331383853,1.105287086997402,1
-0.42569734417480876,1.246111282205006,-1.428157061932048,2.194692779114187,-0.7309405861003929,1
0.4260881244211304,0.5895176039077853,1.2094418465626449,-0.3806378943619432,2.4222242372197855,2
-0.18051573938090681,1.3841453895045768,0.08421953208746835,-0.3930660041357733,1.5521655671398409,1
-1.4844064532196914,-1.889156196802753,3.958673418541074,-1.2851557655024313,2.898670812945932,1
-0.16659231247879314,-0.21963970241963748,0.9735354944268819,-1.71402042924064,1.034333698508537,2
0.32003645453520047,0.5480815164900913,0.5873170017048612,0.4628580787687716,1.4971377044759526,1
1.1504310219761096,0.8103050814767034,-1.3483505605720973,1.9548210266640385,-0.5986385086760915,0
1.056529950008791,0.9235968205418347,1.0196475453577774,-0.7832836143971843,2.720124385143268,1
-1.7586799541170666,0.1997352461681966,0.5098495116366,1.1437716082030036,0.3648138173234159,2
0.8845484524796619,0.04622731892492604,-0.5655328706178607,-0.43804312513933363,-0.44696005996090393,0
-0.8589294349219094,-1.4611116354125282,0.36898310918767796,-1.618743264002239,-1.350158482182822,1
-0.4469845647884506,-0.8846126072919107,0.5586817450010096,2.4909358984984107,-0.3226732507267056,2
0.4183134478632897,-0.2738237241711933,1.4819453145408372,-1.438763449312788,1.855445138607509,2
0.44165478706621186,0.3345300033093558,-0.2342589584325137,-0.8378303105644023,0.17662750099444302,1
0.06377451182099592,-0.34339152433418774,0.7149270766409974,0.3454306548819759,0.6275708588941981,1
0.19861804447232612,2.1260067262442535,-0.9760528679339282,0.0006199358056607762,1.025018347264979,1
-0.38925672493095137,-0.08571465569736747,0.16967309918426896,-1.2330159059667944,0.012254152574696753,1
0.8591148691580742,0.7069441891938418,-0.20118840021558493,-0.6974808185713439,0.7557883393841596,1
1.3853509238153021,0.5665561437623017,1.1500996881824224,-0.6308338609466793,2.6165742454501446,2
0.8070141940873019,1.4916573716899708,-1.9114564046209144,0.6850942091135901,-0.7450338562664225,0
0.2958431794658891,0.35142072214984255,3.4062031547940976,-1.7535649995914229,5.121260727836516,2
1.0168492846809338,1.046251015831457,-1.978638041901791,0.4894176090440906,-1.252894458230546,0
-1.3999683745684792,0.9176177024577453,-1.0479278921812032,0.5360632392458059,-0.8785488564653366,1
-0.9496868136248756,-2.26600554384471,0.9518789657196085,-0.9977499388215035,-1.449054959562865,0
0.9206765204323207,0.8070040347614743,0.459523728763251,-1.4004023257952811,1.783524160339327,2
0.1862284315672843,2.2086514400439334,-2.4358999217825508,0.21367299219406377,-0.8840667460815956,0
-0.12500229698563015,-0.4177623334073003,1.1693245428347687,0.7700588100786477,1.1106721954554812,1
-1.3218979695163036,1.7666393974652141,-2.5524676730494766,1.515116306524444,-1.9894099315480602,0
-2.022460586474608,1.5865252049443983,-2.3886703393400737,0.7063535722251487,-2.183268689723623,2
1.0434426182547325,1.326674509260855,-1.284914059604948,1.0427413542939414,0.008733487836782516,0
-0.42353222868619045,-0.27067537125760865,0.18074068009637004,-0.5757605181370096,-0.18062588895955983,0
-1.0278941717770422,-0.6143718806087514,1.2831678727235676,1.6383055385723773,0.7737305344000083,2
-0.4610462452775351,0.336195326537425,-0.2556114275825292,1.2819998172267137,-0.12595460595941843,0
0.2518876041153504,-3.3908935090056853,1.638338342738952,-1.6712971171555133,-1.3513098613585453,0
0.8482977619055225,-0.2164444259674394,-0.28656924628538716,0.9747543242081285,-0.35530094423744607,0
0.8538204954599908,1.4115160544586585,-0.7277763538116994,1.3716061119555611,0.8036152956204118,1
-0.8259388156234736,2.340325195438101,-2.752490412088405,0.7187509649892558,-1.4904155873007814,0
0.05746577541981235,-1.7223583747679765,2.3197633408637066,-1.3759028225757652,1.322657409116243,0
1.0585047157799223,-0.062367842602998436,0.19768055333851944,0.2020961448054992,0.5360085573504557,0
-0.9634745247119096,1.7042736838941073,-0.0476772179126741,-1.5113056150492254,1.467477357409309,1
0.7408857769310312,0.6599526407021464,0.6227776115455053,0.04073515276460937,1.7969699794500844,1
-0.7410645250818271,0.20387087382104063,0.3234878364948562,1.3401541815370162,0.43489671625801996,2
0.8435490020941138,0.941234034704256,-1.058565339605849,1.9355290522336932,-0.15756786673546813,0
-0.34396903123651956,-0.21723519868150637,-0.760299642577255,-0.4350848287928111,-1.3835660590679564,0
0.26822100995792164,-0.100434522195336,-0.25798520556524107,-1.190562479088288,-0.38153137590215935,2
-1.8119199991864856,1.0670855795950556,-0.07236226757181718,-0.682690060622516,0.4821867266265575,2
-0.6184251450984034,2.5307081313490487,-3.215144973579087,0.3709608265421274,-1.8532916908633856,0
0.18439303426208964,0.6761474302039062,0.7198620845459139,-0.26072177862179435,1.771224063441886,2
1.3624142345446706,0.11077330056354395,2.41949289457476,-1.2361841414674122,3.8496248295916327,2
-2.195236465792938,-0.17568904938190555,-0.2330194318452824,1.981499885142715,-1.189921152658978,1
-0.5754657902978039,-0.8690476439025635,1.8568389454444048,-0.9429991092891545,1.4146887627743197,0
3.644939807791967,-3.3224050870703445,1.5424615067110734,-2.6265582798615665,-0.3465652914424725,0
0.00522962125804971,2.0611831571752144,-0.9190769844767043,0.7046682314167306,0.9748843622961453,1
-3.80427208326875,-0.7820613252590204,0.2905904622595481,3.0160293083143648,-1.630563222596761,2
2.0739567036606865,0.7907384994363899,-0.7192417334659121,0.04321976234902525,0.522634606470299,1
-1.3294253274704175,-1.0273788514129638,1.253420307254828,-1.48705722015568,0.1800031777484491,1
1.9465609735572436,-0.7356024998845873,0.6291077571200558,0.11168706984461407,0.6769173524036197,0
-1.7156433571629912,0.2148298135094212,0.2235396778578234,0.918929419710549,0.00243092079213858,1
-2.9662716970872443,0.7723741428655001,0.46747266394261183,0.32335299851499677,0.5430798580573756,0
-1.2334145856710075,2.941766998424174,-1.1406817024784353,2.008235105338563,1.2393996700852674,1
-0.14821957924779378,-0.46355826860004834,-0.04845697131227761,-0.6673654848007354,-0.6161612803558787,0
1.2480184680349984,-2.657194310733088,3.7257817231817065,-0.37929187982949863,2.6122650387496935,1
-1.0670500390928015,1.1082876419752676,-1.1658433602104215,-0.5037656917788231,-0.7332507350856269,2
-1.417932247838883,-2.233059382880405,4.38433386697395,-1.375083026528808,3.12946859650553,1
1.3877544597654654,2.092695751114122,-2.288066898337329,-0.46817527955406113,-0.4326197168946281,0
-1.3552299017499423,1.5983054880623793,-3.381556543760726,1.2457050165414838,-3.3159711657307533,0
-1.6939068546248093,-2.7117472735392147,2.7256804674934827,-2.8406394102699473,0.25292187438079383,1
-0.6644570184035842,-0.48847774389155285,1.3773213083456084,-1.4403734999027415,1.1405245087648708,1
-0.592307200036591,-0.8123068125353324,1.2269737510684884,-0.14607627543524226,0.6129154250704609,2
-2.2114081003940766,-0.3770713373969691,0.894546346233282,-0.20798146122516892,0.12004280027315961,0
-0.6307877943814448,-1.2159804339053828,2.9616202367483546,-2.0511185571608213,2.528204456336101,1
-0.5104301072223582,0.04533905540973071,-1.2906319115918576,-0.25127440360236325,-1.8763197413074684,1
-1.4652781518959945,0.7665729754877806,-2.0133202489123336,2.025593206191708,-2.375901465169546,0
2.131941252762941,-0.6334933105258905,1.0396983523511962,1.6855151696684825,1.4127811223024946,0
-0.18064093046594032,1.8039296130212836,-3.3284963378171675,2.004812527289255,-2.6494888911305914,0
0.8645922700601659,-1.3961023738046054,0.38704350062729087,2.0414604108604846,-0.699701000763813,0
-0.9080364163379148,2.550357299612481,-0.7604821074010806,-1.4822367390572588,1.4247603164546718,1
-1.5691928791729817,-0.04955504333793981,0.5476281580612316,0.608217970044623,0.2045565233766255,2
0.9588511415261237,-2.2908752613499486,2.038809124674514,-1.7046366281035215,0.6062693987324924,0
-0.5812648314163201,0.8633690896100568,0.46420167134962775,-1.7969357946561093,1.3775990748045523,1
0.14652646148947612,-0.8970515939395465,1.6176603546143433,-2.2450853187543567,1.2791719316415833,1
-0.8158969744055875,0.05648052009572613,-0.478559009738605,-0.9475929647935044,-0.8529964595537184,1
0.4539543156362128,-0.3824206705867945,-0.3166978392578649,-1.340689787999664,-0.708666186904014,1
-1.8419515330865233,-0.9546846966609834,0.927139818993278,-0.4464127327339394,-0.3443084324838388,0
-0.12984575673519105,-0.8444084954790663,0.42240334778753585,-3.077363415253404,-0.38766749656896005,1
1.7165918953817463,-0.41096594552135624,0.11527524554485516,-1.347039842755977,0.24739991190870703,0
-0.2715210053416287,-0.4325346610400138,-0.7626798756544182,-0.7014910266171287,-1.597694919260551,1
-0.34524866221926115,-0.13740185444002684,0.6061959790150049,1.1237678926494203,0.5760804611697761,1
-1.5644794935698814,2.8133784839309803,-1.8742260007531721,0.7296178480037125,-0.010860417884796303,1
0.24686563901309955,-1.2591948697588309,0.43890550662822014,-1.2564192633311366,-0.687787901687298,1
1.3056288951770014,-0.7287134566342685,0.5791035530813005,-1.2284359428333924,0.4095042303998021,0
0.29527062817823874,1.4050317708160378,-2.2483466288543603,-0.30146530112451,-1.463632519680825,0
0.07565808123335993,-0.364424849542003,1.9147472418926512,0.11661628683259073,2.2475910215293027,1
0.40825383931324827,0.20378462503886335,-0.21965340824046387,-1.9948638714528943,0.04033792899901478,2
-2.678047313139179,2.6782004050189685,-2.2734067074590687,1.4800732935353302,-1.0492548595801119,1
0.7074252821418627,0.47273562858775797,-0.3622107004837835,-0.7417490307790447,0.23488257138868796,1
0.5202057618652828,1.5547574649350127,-0.4031086245605223,0.19455666942564753,1.292745943889261,1
-2.8619807915875817,1.438555633771181,-0.6187167342827175,1.3454647567346645,-0.1851014797532463,1
-1.069176382916179,-1.0957570498424591,1.6285519266214046,0.8788313280691311,0.7098317989907957,2
-0.16316974156350394,0.44744943002515736,-0.9133654749040372,-0.3261470862414236,-0.817520218236429,2
1.562686940940758,1.1105097829378119,0.9133473663838756,-1.563359485581226,2.9326571616242716,2
2.5721190811636876,0.08658455275923005,-2.9383358091400638,-0.8759579851706913,-3.118246843705955,0
0.26598733306477845,1.3434413080071457,-1.703201973850715,1.3096993947566444,-0.7879702332000138,0
0.6329760037778649,-0.011867167498142428,0.6516868490118062,-1.1509596528310229,1.072179470190689,2
1.5497493269845584,-0.6793018987747149,1.5630814743769952,-1.4672089297332538,1.8835052083026973,2
-1.0668275191701544,-1.0964036324501916,1.2559084868719468,0.04218041430961128,0.19727626857974373,2
1.244800518395463,0.8329708769953816,-0.5124522062707406,0.5702423780653793,0.5925720207373358,2
1.2095650040883301,-0.49115614977765343,1.1359469848000956,-0.179162529831013,1.401156129086342,2
0.5695509557071231,-0.9746952798557879,1.8343674166783361,-0.02425430053096489,1.6330080533829014,1
0.6284500827440442,-0.053826632408979114,0.265771405057933,0.97476654130501,0.5062685879428687,0
3.189191458757041,-1.1463772956825804,0.3782876430877635,-0.5971764747974223,0.27780099884729514,2
-2.2224580956355977,0.35650502787408134,-0.6492132391161161,0.20464716220854284,-1.1993377817504354,0
-0.5611100049349483,-1.0645906169429005,-0.8384309074959169,-0.5269852446434726,-2.4742936102317996,0
0.12321809635315828,-0.8244977634164183,0.6057259858686919,-0.9361683231264203,-0.027758354120388296,0
1.156683809835434,0.7325956070531905,-1.1029357247266507,2.2972243238490835,-0.3438550065644484,0
-1.3111787512631952,-1.4590461938902184,1.3313187959454336,3.021427735522286,-0.15650783584420214,1
1.3229127074190203,-1.3214259704020657,1.8208097880835221,1.3775528259123706,1.4819654895023264,2
-0.8942395985327164,4.058932234835895,-2.989966679899042,0.3894625175314348,0.018862891660168746,1
-0.5251219367178297,-0.1478431196031912,0.21338579625463436,0.45308485372167046,-0.031195400090488157,1
0.37365486866498143,-1.876148068364035,1.4132938295437842,-1.3677120833168017,0.01689087042219839,0
0.4736143819451587,0.0953507740484768,-1.6648684627485268,1.543772475871727,-2.017759874526073,0
-0.2048717520177149,-0.8200790925448536,1.4574485721847776,0.2611378751934508,1.0427889301723654,2
-2.01930250838641,2.0762177345939414,-1.4275906173586126,0.8256075842078046,-0.3392051279073611,1
1.4751333996148053,1.5951348365623867,-0.8840500587191418,-0.3712469964385319,0.9766874244312943,0
0.01763416844911425,0.26276618388023,0.139383274983793,1.047258969732463,0.4840008429807411,1
-2.256021878164114,2.4033039620105816,-2.238668425071005,1.598246868726363,-1.165750873182117,1
0.07650722712637081,1.1575590111116765,-1.0142209415678067,0.23281523117801622,-0.11079379551479801,2
1.243026038988193,0.5230968097406805,0.7081022472353558,-0.8611860708203093,1.9199123109704272,1
-0.897949616186652,-0.18573024794467974,1.2047886086349486,-0.587109778269257,1.1617723866014478,0
0.9275940319604338,-1.0599104173763303,1.2596711451609601,-0.5890775350034846,0.8656917665606944,2
0.6126832630378788,-1.5929757816687697,1.401635491206176,1.4893609150099962,0.39308970050200076,2
-1.907745264330726,1.4853660175427195,1.8430441521675296,-0.23799155448497833,3.523657754322058,2
2.0901429048449645,-0.7172287270459162,2.4902044497675178,-0.22051272113983278,3.2842897686573824,2
0.1778060953404308,-0.6845928549917562,0.8476063303725077,-1.1851965831927238,0.47014917671219036,2
-0.7139761234631287,0.762193969018161,1.1772905014107462,-1.9281929881113093,2.2007559201988562,1
-1.1085047407559125,1.2009809541681125,-0.9427209807300228,2.1509097564389696,-0.33080000806180176,1
-1.4282573350471774,2.968192466767861,-2.1428632348261023,0.2757912849893133,-0.16978222983264313,1
0.2585960432001221,-2.06839777111419,3.157575818469379,-0.9864641774812505,2.1586328314619894,1
-0.8375210993504416,-1.0322574672939737,1.2181671473887812,-0.21799645191496664,0.28598167517871675,1
-0.9253526404342074,-0.3502751155503119,1.104522830041064,-0.06546720963189678,0.8404062361810594,1
0.4536631747468306,3.664486580486529,-2.6087695536113684,-0.1970864542102454,0.5347596425421294,1
1.7679150777419963,1.1210653375607604,-1.0886590374381493,-0.3796698460132787,0.2768073461891748,1
1.1394852826191602,-0.8775464002234584,0.764745038355312,2.0238367220145816,0.4629861237955738,0
-0.5957158522618383,1.5339666559798526,0.5555619290529703,-0.5796537556699835,2.2271271129162944,2
-0.2591760749475728,0.6509808102362545,-0.04406557471447564,1.0015981472256166,0.5655427625666902,1
0.557135785206429,0.550655776496242,-0.8447414251674489,-0.3069317866000586,-0.3859573064340832,1
-0.5503711322683303,1.5071200313931148,-0.8006743087199326,-0.22339356225928592,0.36006403084264915,2
0.9316237080542583,-1.2253602988714878,0.7473398281356607,-1.2621035683099022,-0.014656307099693677,0
-0.3364013825383625,-0.04706710226906585,1.0148116365146593,1.4691287500631427,1.2362883489675647,1
-1.8597496433441858,1.3258582529694225,-1.062044216863112,1.8558127027761464,-0.5960554617751178,1
-0.8300151544785817,-0.6266617369483694,1.2936260947795544,-0.7302272012024823,0.8276353499721075,0
0.3874586949988966,-1.6559164028932027,1.679899284678548,-1.3603177604606076,0.623562881908276,1
-0.7596953021936375,1.323181272902874,-0.20072631837298593,-0.07985599474024585,0.9161867081697277,1
-1.2843836019443235,-1.1145253244676292,1.1512164864999646,0.8795130567419389,-0.030441214261516136,1
0.35235943122452007,-1.366247010348925,1.5494760593498966,0.9707274271790605,0.7563131549206603,2
-1.3555766256513562,0.15019263553340978,0.337844766857799,-0.2520588995327579,0.19733351419536982,0
0.1395360600900722,1.520862041899326,-2.9748267348596835,-0.8652486151694277,-2.3825577837847978,0
-1.006158596818573,2.167942672014123,-0.9408134353504575,0.7411064205263896,0.7430387343138942,1
0.25690643770049226,1.5575695598546169,-0.5680881374611243,0.9551411812114811,0.990577783804283,2
-0.9011414944369736,-2.0927956365101394,2.797477544905861,-1.3990556343348293,1.274288029410771,1
-0.7765018078794859,-0.5674064320170524,1.0822105945272034,1.841239779877169,0.6295386082415636,2
-1.4640080882024784,0.5650951414441706,-0.6798222187073537,0.048212701301131644,-0.7782682914452587,0
0.8279026851499758,-0.15189820797126452,1.8653301274995793,-1.7270237809770927,2.6386659532355368,2
0.6572803376396378,0.472083986030619,-0.8685780804044861,1.239203839592121,-0.4659281126752104,0
-2.5184110599603615,-1.7195872169219322,0.3705427445020373,-0.32333141971383916,-2.1433277002719584,0
-1.017517903144863,-0.8618572658252796,1.084892408580181,0.5792079031540616,0.23449399836036644,2
0.7064783994743121,-3.1367007813165078,0.9696041620099638,-1.6544810112914439,-1.8479057903554188,0
-1.513396491027915,1.6042700427680683,-1.360898283314913,-1.4525694714503112,-0.6079199584041365,2
-1.876843591867277,-2.822171813416481,3.7900081575597695,-1.9357604823178591,1.5344325864368211,1
-1.3450882448722674,-1.6383031204866172,1.9465659599110543,0.5070488962465246,0.4702854414463381,2
0.26392299883172143,-2.6163197358449777,2.9239380814763325,2.4532169171503773,1.2624950916939772,1
1.1806930020508482,-0.4875296697190955,0.2242096334190884,0.002353568175800791,0.150561020486777,0
0.21377086426543168,0.25462889081049334,1.1709103052502048,-0.926534693494398,1.93897513461051,2
2.1928681084091144,-0.3374287230941363,2.0723978591932393,0.11730622060866003,3.1571083523014587,2
2.781400528597722,-1.4764693798691226,1.677025467900668,1.2016674831474163,1.5752776378171127,2
1.2675851408015042,1.491156981689222,0.3855085501946285,1.8915551650290356,2.5432467017870413,2
1.6470108961237906,-0.2320477772518797,-0.7311966564471303,-1.026988897102521,-0.7368677911407499,0
-1.2738128978546879,-1.7854587497215815,0.8058414315320768,-1.6733173666595667,-1.2339537409284254,1
0.5948655344320283,0.5118337695491385,0.24469902571123403,0.6435866898660946,1.0767038664718753,2
-1.3632119779590877,0.27455934920626,0.627039850422257,-0.22777134030023027,0.7246522510542015,2
-0.6911057786679667,0.20823563967770597,0.3111043179027898,0.937783906754149,0.4368029752268472,1
-0.6575856156950518,0.5256639232364712,-2.8922596970304153,-0.27555710803844313,-3.5928278797081545,1
1.5583296045029953,1.0183963100316475,0.16129227361657428,-0.4420866778763667,1.8082574326817094,2
-2.652772146144041,-0.3126092503960844,-1.2843496970617636,0.3077493333583149,-2.9250050035373,0
-0.6280270921230219,-4.406029393446358,2.0517376864208803,-1.7069326592816823,-2.159382504309162,0
-1.6630752782275504,0.21393056089785067,0.14302731596653706,0.3977483777435046,-0.09411218776376573,2
-1.8259227392528397,-1.5029131768439683,2.4278249936793834,-0.49834901228535655,1.1194005778380776,1
0.1655063556068478,-0.10620165053151709,-0.6667538783081118,-0.41197324071344144,-0.975677261484162,0
0.43264876349973974,0.596484414731167,-0.9440131972966315,-0.6519938486775074,-0.5125741505626525,2
-0.5866464565986759,-2.1950348097617693,2.3643006174308434,0.8499413753068941,0.6793259106888162,1
1.6077551981654494,0.26306318588596195,-0.012686810383044866,-0.15417276627518722,0.7711314238043756,2
-0.06060988820092239,-0.5442197947892066,1.0361100980377538,-0.0812636297527265,0.808880440914437,2
0.790127027976148,-0.15482848839962782,0.5057406654088239,1.735728718577958,0.7788902647980384,2
-0.07128909354424329,1.7611180036540035,-0.9299479412722831,0.4940972194419587,0.6110164603180537,0
1.7412003653479626,0.8146218662242859,-0.5638170995335496,-0.24943434915978546,0.6552286126648622,2
0.46721153205540455,0.3781418529463977,0.7992579148476229,0.46428741277841257,1.6494561807735963,1
-2.0373885227439477,1.2988708601263999,-0.8764844957408773,1.2257238674003172,-0.4298344332410916,0
1.5208200399243834,-0.6268109551900046,0.048678318949221575,-0.09468779255668447,-0.1333856999422799,0
0.7945327976134667,1.4970999512391845,-1.628202408630108,-0.019393346364164565,-0.3586769528407214,0
-0.7960348183238705,0.30745108776826424,1.0375574285690015,1.3960783402480321,1.5057338231065107,1
-2.3033255757773503,-0.7501431182895695,-0.6260392338246035,0.004366132170195658,-2.389342459345237,0
-0.6302852684477229,0.5138306324877079,-0.41835643743197576,-0.2119816870847726,-0.21547898309595226,1
1.0208892553012316,1.666621050830702,-1.3039270347525287,0.8187344084326467,0.3420299463379901,0
1.7872465976066856,0.386962229196979,0.5778869155952531,-1.2813628155725496,1.7641322752202804,1
0.192456069533659,1.2756017576017147,-1.8774096249046717,0.33763938363777346,-1.126251202573096,1
-3.4149506929522384,1.3234607272496972,-0.9322056181838362,1.0653630389377917,-0.9126569388290396,0
-1.1221210544856608,-1.3474907549240078,1.11177656458059,-1.5212230250951144,-0.2944410168699173,1
-0.7137445471147915,-0.42028826272740943,-0.26964231560535223,-0.4572420621789033,-1.0485044419288854,0
2.4030898042040425,-1.3569968814372737,1.3485568854997385,0.17125667715749127,1.1325664560582926,2
1.294228743668714,0.8808793600419309,-1.1332670798116657,-0.8669343408464737,-0.1942902769206724,0
-1.5211861825824582,0.8887441552438623,0.0173598247024207,-1.0766720890860526,0.5019186630391708,2
-0.7502678573858194,0.6010241727555744,0.9402151676279121,-0.42970518074924213,1.6970706710410437,0
3.0055840380165297,0.88909345617643,0.4753905109917418,-0.4088439839210699,2.552496339722171,2
-0.9243318512625743,3.4370132415736485,-2.4892750113411637,0.5030687343232882,0.022345027730549694,1
1.6866892227196701,-3.364357405147523,1.6977380268839322,-2.1066537431144527,-0.7925808963127392,0
-0.5030011934985511,-3.2809473440757757,2.699140521792414,0.9662589685396042,-0.009396441146564904,2
0.04592788941969084,-0.049828914352766485,0.9924091607092695,1.6299768206052376,1.3233779747641625,1
1.664146762116729,-1.5646227398116577,1.7852981355350976,0.9526383666172872,1.2762043095953208,0
0.36662185190608776,-0.8720269560352227,0.8940473278875968,-2.0505005628712967,0.3870550484771482,1
0.8300849186642335,-1.6581888544251062,2.4297841529532285,-0.4287840726926663,1.7886833865963294,1
1.1730547662005222,1.3961908603014166,-0.41505647894988895,0.4096869926368235,1.3109748711913478,1
-0.07664358224448131,0.28114129161772383,-0.9131396807792083,-0.3760399242022907,-0.9698954433375333,0
1.723847572018312,0.41958643629022896,-0.27991291910563637,0.681819586320845,0.6147025143855179,0
0.21930404126302283,0.7127060862480834,0.4097990697195725,0.40739659105432324,1.4004999020085884,1
1.682741544265253,0.1627078745527869,-0.306733251622046,-0.2189499616284688,0.2841134724143509,0
1.470962663284629,0.17798118106876754,-0.22577058000976957,0.014002212298791838,0.34567658022244874,0
-0.11671162641861943,0.28890243392353077,-1.863544729317069,-0.21278910223452202,-2.2724619027033084,0
-1.2266355571036383,-0.21648511325203007,-0.8294098716495901,-0.1657722351619939,-1.7533499656150648,1
0.8887770440466687,0.42244675052478464,-1.0076579876611382,0.18241005421765355,-0.6410749503639364,0
-1.5867146429776078,-1.0508283959196776,0.8019233729610669,0.5082812028823622,-0.5354335038562509,1
-2.3928553344392403,-3.240276178466723,5.087026353359796,-0.5146438436170832,2.6990193392496455,1
0.6994319332898098,0.6482290165758733,-0.428257760319636,-0.07269867381187545,0.3342974677280002,2
3.2540541908097578,-1.0226902957918904,1.0505111828954252,-0.1171149244640528,1.3524530798017778,2
0.13575633134885817,1.1186607218024687,-1.6454722869469478,-0.12549999242216703,-0.9983980559806336,0
0.32883397597459507,-0.7566303826161378,1.0729838070314917,-0.7109657408035887,0.7496524241771176,2
0.21229002266253405,-0.541359424595652,-0.6091075847262928,-0.7070545851000208,-1.3534446386057088,0
0.33707712844590176,1.8193234531192553,-0.6097997887544475,-0.28894426567314224,1.2366526650969327,2
-0.08105319106216435,0.2829484858218395,-0.07541821589751238,-2.2137459088336553,0.16848328744764485,2
-0.75763213712313,-0.6939556243079905,0.9560798673023014,-1.020722278602929,0.31517880308524165,1
0.15285271751449525,-1.5539840475533935,1.9477907467950304,1.5192190217526702,1.0374069479980121,1
1.0199788564968797,0.5764535529959478,1.0129401523859938,-0.37355114183806726,2.3260637914344238,2
-0.3834070320337063,1.1524845200627176,0.5097300213411878,-1.9855098633113153,1.8135527117938852,0
-1.2327223952792075,1.3660802320440477,-0.9378887198207324,0.2780603896991767,-0.19216564104486078,2
-2.4709733674943153,0.13833656230966673,0.17334713758513792,0.41728239327969313,-0.3879657135892226,1
0.3200473247017869,1.2763908122244754,-0.5733389529186523,-0.23174706928539224,0.6948377587380342,2
0.5661727383459404,1.3100825949229364,-2.0311830723379103,0.4785001941457069,-1.1812682091924889,0
-0.9309935942369626,1.1025053818215884,-0.14386804450956692,2.323406955276084,0.711101846097522,0
-0.4981749736847508,-1.4672280893361456,0.6783765718656893,-0.9131202655292454,-0.8178437478406657,0
1.9794400357001436,-0.9054761874336984,1.1989171936018217,-1.3543906887598571,1.276812742200927,0
-2.8833504265436973,0.4517079372758993,0.4006868401931512,0.9828479198668173,0.13400160515281812,0
-0.03501527115853176,2.2137456449091584,-3.991767137226204,1.4243068234487195,-3.069858308799992,2
-1.1800898549830867,-1.1139951556388552,0.8203954081122617,1.6418576853073668,-0.4463018986780517,0
-0.12856185242765672,-1.9340620609460997,0.6771713184217082,-1.091503818565684,-1.2084331567384574,0
0.19842249781665622,1.7409812815806256,-0.8489700946894599,0.7285983390406755,0.7855575151675189,1
-1.6164838877832182,0.01634124428123851,0.35916515945960353,2.576675908635838,0.010993431565972656,2
-0.07410092280604064,2.1191445345611877,-1.5101102910098114,0.34919424891979844,0.20337874780362342,1
-1.8070444482911263,1.0320326801906572,-0.3101724817829916,1.1528198278340365,0.12798450317129167,1
0.852199179456924,0.3145550621893034,0.5968479735047485,-0.8867991077956161,1.4197323867045175,2
-0.807660523590051,-0.5100639964018837,2.6567700318873104,0.6785562339371346,2.8292526914060696,1
-0.004731193572122483,0.78414175101313,0.2562390713541296,0.1651191493175317,1.1964854390397779,1
-2.0762126557921734,1.0633793624848282,0.09692309490917966,-2.275643286550135,0.6203405538193812,2
-1.5286569858309327,1.3205255265376183,-1.4311243723249412,0.3306695591783312,-1.0082563000069091,1
1.112436553894452,1.035515750778924,0.41459726306020506,-0.4923998216956426,2.0327445432452875,2
0.912278599076101,-1.0606859770124606,1.4547886019673837,1.7037565657464837,1.135687046800618,2
-2.738641650087565,-0.18495972748720535,1.0018851842919945,-1.404154638362027,0.3040465431420758,2
-0.44390417050137215,0.5894327829647671,-2.095990984657705,-0.01344939937543932,-2.3674782649527595,0
0.7845903598651686,-2.335670920865814,1.7664374897786264,-1.6297579632393284,0.13117054303064946,2
0.21228476920027173,0.5391366276470714,0.4474678611028742,0.2712003248504493,1.2617435286870866,0
-0.8163672948463176,1.8645354081045635,-0.5569428584776941,0.9986649342388961,1.0005491135739868,2
-1.6626022808692569,-2.2908843406754147,2.5932267134890417,-1.0266460294572326,0.5434569400419735,1
0.7570894818730227,0.0364832121180243,-0.012144508485617295,-1.5202562546726412,0.2546256978551862,2
-3.5555002871050703,-3.8616975368191873,4.503424886481567,-2.819967962477981,0.8559259569675853,1
-1.9089994016533671,0.4657140902669873,-1.7030272712170178,2.0607680020052435,-2.4160164989861683,1
-0.15615594155226453,-0.5081583115750398,1.5035848668239786,-0.3297102113435368,1.4558026586924648,1
0.5104953581407492,1.0633120717022562,0.13383911101346635,0.8805237768995086,1.4953686351664195,2
-0.47098762123420335,1.6772176371255867,-0.38839248088376965,0.3657227855972661,1.1345529092767728,1
-0.536795057009589,-1.1363708061431723,1.0482294605760085,0.12188203805851527,0.037005599739514006,2
-1.3508149559467004,-1.1066243443393857,0.9281822406045154,0.13164435349335235,-0.35053073025118286,1
-2.8110855287567618,-1.3630665437022338,1.139461770955116,-0.6063160294838209,-0.8002449371365011,2
-0.2913037980076939,1.9361538739750674,-2.9646075076193905,0.5760474217422548,-2.0496218833712425,2
-0.27399512134220183,0.9774557853847913,-2.6937010206719445,2.9266821841813546,-2.7004021978745163,0
0.3262733841122897,-0.35850431533154403,0.9775884448482431,0.762099768537624,1.0543094274718707,2
0.7404220891647393,-0.33263069000855283,1.8209751988821068,-1.3673862860478694,2.3567316595579926,2
0.6052805473012924,0.9091242708185957,0.12701146964906418,-0.2743307638664577,1.3447230206787606,1
-1.0940322776409659,0.13013951483349362,-0.12712316947499092,-0.23925893649245344,-0.3776602742352453,0
-1.0726233293885215,-0.8422959813578861,1.1846363174036283,-3.1839708953496073,0.35994792046745194,1
-0.5432041628616656,-2.1783506688808654,2.337746879638138,-2.2874255280744578,0.6624413526507511,2
0.430736725127427,1.3964876919034417,-2.333287786955445,-0.1677947577567412,-1.5458963258028322,2
0.35503591296278436,0.8970272167579184,-0.7804154108390413,-0.2478982537332023,0.01290908313573913,1
-0.33388543955852684,-0.25950338421876235,0.3380576929664232,-2.259983378650908,0.06803483152535039,1
-1.0444410371704285,-1.335243056163557,1.5663834271975887,0.870578489359183,0.37388151235482614,2
-2.5371293269706054,4.624298650785394,-3.3899723683396394,0.1711751272398533,-0.43387745325116456,0
-0.5595347245185763,0.31339354533377073,1.8093785556527167,-0.688296350878304,2.633197880960448,0
1.552882381857084,1.3515390856867198,0.2980019101395581,-0.6616980621141463,2.352433315660626,1
0.42753622936549596,-0.18576350871652103,1.6183023769973777,0.8772285124823717,2.1488919118191325,1
-1.4907440215754195,-0.20948367849630312,-0.09313628473849112,2.6968053501175535,-0.811209030427572,1
0.6486123600101769,-1.5655729561796021,1.7540276753421675,-1.4239472744064872,0.9042405727667656,0
-0.8978721154878819,-1.52283949660241,2.7659271093398923,-0.9363999741554215,1.8497173949450518,1
-1.5521436393965273,-0.33777103646785206,-0.16938002397195484,-0.9623119040958582,-1.0875830562009061,1
-0.11188466668831454,0.3411350790880839,-0.24678459513168524,-1.972650832397449,-0.01162067214053264,2
0.5136010427983476,0.557497071395339,0.32008029900669943,-0.9241538298886709,1.1974192859055637,1
0.8173598031893482,-0.825159936713998,1.2721117301055305,-0.8505917031636242,1.1006551342948807,2
0.06588324575786653,0.8746481348732947,-1.4310925883766337,0.33769294752020085,-0.9891229336713194,0
1.4106866567020186,0.2870181043483862,0.04601059941045138,0.03647320047848768,0.816095474275327,2
-0.7612085663237804,-1.9717125728717249,1.8866566474726265,0.08089319909288228,0.20991593101355538,2
-2.066366365152005,-0.004367773031944799,0.08408795446585787,0.812016527676657,-0.5355241069545237,1
0.48623318142248984,1.1954904730504072,-1.8892586682402712,-2.1196299094669437,-1.14633403841083,1
1.2355253958036454,-0.017657533824705696,1.1509447353142834,1.832105404205452,1.9491809795143396,1
-0.8467311966183063,0.9196308322031082,-0.7303622594105188,-1.3100841978971074,-0.2758054436480123,2
0.17571925794078613,0.3029764845034715,0.3725342620224781,-1.8503502619726628,0.8844320535467957,2
-0.06943265199781379,1.3311590631185868,-2.1567304257786146,-1.0759452511888472,-1.5357711153488665,2
-1.8790253623341444,-2.770016901154159,1.3702451539552856,-0.8978629534760048,-1.713167441986113,0
1.1046052413449767,-0.4469477987025351,0.876377785823746,-2.3771644809950945,1.0525887775842702,2
-2.695389901784474,-3.3883131122857018,4.018613308273102,-1.5106120429632837,0.9799011557191846,1
0.47876711291911134,0.5101506502021141,-1.2032276124004762,-1.069488704369781,-0.94728017153356,2
3.992493290977399,-1.1446879746058105,1.0764295927825676,-0.1418881120142499,1.487883272918257,1
0.1879872084012536,0.8257725732035365,0.057456440691208255,-0.7217555662259573,1.0268195459988312,1
1.1659934606367108,1.384172521059107,1.29603509256981,1.2502341620718433,3.6377638905864953,2
-0.5841247718637504,-1.187176304731317,1.0437200066460646,-2.342148579476225,-0.04853226552766632,2
-1.1037304881174603,-0.7840069989458743,0.13689007888222937,-0.48723880988862533,-1.008367024782124,0
0.04740566896311649,-2.390474445015122,2.2069493792425257,-1.4973256073197305,0.44307138479283015,0
-0.7240761879768841,-0.917557770071656,0.33675705691018654,-1.6756391773635175,-0.7648826903862503,1
0.5683205869118108,0.36989247976929496,-0.19126606340031657,-0.6720525514669862,0.3140165772313731,0
-0.2804379975221822,-0.7099724848384936,1.9387894219206694,-0.4062187266040719,1.7932911351259078,1
-0.2990112536182713,0.4033476254982685,-0.6612254910253625,2.243302721386685,-0.55316049730503,2
-0.18488382778050988,-1.01237263693596,1.4409571812238164,1.490055739843409,0.8235938703025261,2
-1.841269461333472,2.1195717438820694,-1.4764653147785536,0.5511292845330303,-0.30433570872093796,1
-1.175572860820008,0.29524131734295556,0.8790346815671494,0.7869101167919387,1.154308459325474,1
-1.7041003765373022,1.7982152894746477,-1.1576530858804,2.4090953648369573,-0.16540949772267033,1
0.7199594764900024,2.29802120875323,-2.4124138553335817,-0.3696330137193202,-0.5900902174801035,0
2.33727717175433,-1.2574300579341475,1.6864981513175978,1.1808652656170129,1.685299857720869,0
